<?xml version="1.0" encoding="UTF-8"?>
<project-private xmlns="http://www.netbeans.org/ns/project-private/1">
    <editor-bookmarks xmlns="http://www.netbeans.org/ns/editor-bookmarks/2" lastBookmarkId="0"/>
    <open-files xmlns="http://www.netbeans.org/ns/projectui-open-files/2">
        <group>
            <file>file:/C:/xampp/htdocs/Sizakuyenza/module/EG1/view/EG1/index/contact.phtml</file>
            <file>file:/C:/xampp/htdocs/Sizakuyenza/public/css/style.css</file>
            <file>file:/C:/xampp/htdocs/Sizakuyenza/module/EG1/view/EG1/index/history.phtml</file>
            <file>file:/C:/xampp/htdocs/Sizakuyenza/module/EG1/view/layout/layout.phtml</file>
            <file>file:/C:/xampp/htdocs/Sizakuyenza/module/EG1/src/EG1/Controller/IndexController.php</file>
            <file>file:/C:/xampp/htdocs/Sizakuyenza/module/EG1/config/module.config.php</file>
        </group>
    </open-files>
</project-private>
